Crop,Count,Nitrogen Rec 1_Mean,Nitrogen Rec 1_Median,P205 Rec 1_Mean,P205 Rec 1_Median,K2O Rec 1_Mean,K2O Rec 1_Median
CORN BU/A,51,117.3529411764706,120.0,37.450980392156865,35.0,44.80392156862745,45.0
SOYBEANS BU/A,25,0.0,0.0,23.8,25.0,48.4,55.0
WHEAT BU/A,13,45.38461538461539,45.0,13.846153846153847,0.0,2.6923076923076925,0.0
COOL SEASON GRASS T/A,8,71.25,72.5,23.125,25.0,10.0,7.5
BERMUDA GRASS T/A,7,75.71428571428571,75.0,5.714285714285714,0.0,17.142857142857142,0.0
