Cover crop mix,count,mean,median,std,min,max
20% Legume 80% Grass,140,25.818285714285715,23.65,5.596487457345553,20.04,52.96
30% Legume 70% Grass,170,17.110764705882353,16.869999999999997,1.4195749021763404,15.03,19.96
40% Legume 60% Grass,263,12.233878326996198,12.11,1.4662373875816392,10.0,14.9
10% Legume 90% Grass,167,11.383532934131736,8.12,7.975448476859552,2.7,43.07
50% Legume 50% Grass,722,7.288434903047092,7.18,1.3494350445962655,5.04,9.99
60% Legume 40% Grass,368,4.7191847826086954,3.9,6.273003434213419,0.75,93.71
70% Legume 30% Grass,143,1.8775524475524477,2.07,0.48468839530129254,0.72,2.5
