Variable,Correlation
Soil Health Calculation,1.0
CO2-C,0.9312873472600471
Organic Matter,0.6044865234775121
H3A ICAP Potassium,0.3005772686880209
H3A Nitrate,0.12159079114612045
H3A Total Phosphorus,0.09529586318961279
1:1 Soluble Salt,-0.02963254403713768
H3A ICAP Calcium,-0.16550379085200737
1:1 Soil pH,-0.3084279528062838
