Cover crop mix,count,mean,median,std,min,max
20% Legume 80% Grass,1,21.4,21.4,,21.4,21.4
30% Legume 70% Grass,2,18.299999999999997,18.299999999999997,0.14142135623730775,18.2,18.4
40% Legume 60% Grass,9,12.904444444444444,13.22,1.3618655505510735,10.7,14.56
10% Legume 90% Grass,2,12.2,12.2,8.909545442950499,5.9,18.5
60% Legume 40% Grass,6,8.783333333333333,4.65,7.389023390588682,3.8,21.7
50% Legume 50% Grass,11,6.875454545454545,6.4,1.3826160973774584,5.1,9.13
